{
    "precision": 0.9758812615955473,
    "recall": 0.9813432835820896,
    "f1_score": 0.9786046511627907,
    "accuracy": 0.9730679156908665,
    "confusion_matrix": [
        [
            305,
            13
        ],
        [
            10,
            526
        ]
    ],
    "model_name": "RandomForestClassifier"
}