{
    "precision": 0.9776951672862454,
    "recall": 0.9813432835820896,
    "f1_score": 0.9795158286778398,
    "accuracy": 0.9742388758782201,
    "confusion_matrix": [
        [
            306,
            12
        ],
        [
            10,
            526
        ]
    ],
    "model_name": "DecisionTreeClassifier"
}