{
    "precision": 0.9795158286778398,
    "recall": 0.9813432835820896,
    "f1_score": 0.9804287045666356,
    "accuracy": 0.9754098360655737,
    "confusion_matrix": [
        [
            307,
            11
        ],
        [
            10,
            526
        ]
    ],
    "model_name": "DecisionTreeClassifier"
}