{
    "precision": 0.9743119266055046,
    "recall": 0.9906716417910447,
    "f1_score": 0.9824236817761333,
    "accuracy": 0.977751756440281,
    "confusion_matrix": [
        [
            304,
            14
        ],
        [
            5,
            531
        ]
    ],
    "model_name": "RandomForestClassifier"
}