{
    "precision": 0.9795539033457249,
    "recall": 0.9832089552238806,
    "f1_score": 0.9813780260707635,
    "accuracy": 0.9765807962529274,
    "confusion_matrix": [
        [
            307,
            11
        ],
        [
            9,
            527
        ]
    ],
    "model_name": "RandomForestClassifier"
}