{
    "precision": 0.9724770642201835,
    "recall": 0.9888059701492538,
    "f1_score": 0.9805735430157262,
    "accuracy": 0.9754098360655737,
    "confusion_matrix": [
        [
            303,
            15
        ],
        [
            6,
            530
        ]
    ],
    "model_name": "RandomForestClassifier"
}