{
    "precision": 0.9813084112149533,
    "recall": 0.9794776119402985,
    "f1_score": 0.9803921568627451,
    "accuracy": 0.9754098360655737,
    "confusion_matrix": [
        [
            308,
            10
        ],
        [
            11,
            525
        ]
    ],
    "model_name": "RandomForestClassifier"
}